-- phpMyAdmin SQL Dump
-- version 4.8.4
-- https://www.phpmyadmin.net/
--
-- Hôte : 127.0.0.1:3306
-- Généré le :  lun. 01 juin 2020 à 21:51
-- Version du serveur :  5.7.24
-- Version de PHP :  7.2.14

SET SQL_MODE = "NO_AUTO_VALUE_ON_ZERO";
SET AUTOCOMMIT = 0;
START TRANSACTION;
SET time_zone = "+00:00";


/*!40101 SET @OLD_CHARACTER_SET_CLIENT=@@CHARACTER_SET_CLIENT */;
/*!40101 SET @OLD_CHARACTER_SET_RESULTS=@@CHARACTER_SET_RESULTS */;
/*!40101 SET @OLD_COLLATION_CONNECTION=@@COLLATION_CONNECTION */;
/*!40101 SET NAMES utf8mb4 */;

--
-- Base de données :  `restaurent_delivery`
--

-- --------------------------------------------------------

--
-- Structure de la table `admin`
--

DROP TABLE IF EXISTS `admin`;
CREATE TABLE IF NOT EXISTS `admin` (
  `id` int(11) NOT NULL AUTO_INCREMENT,
  `user_id` int(11) DEFAULT NULL,
  PRIMARY KEY (`id`),
  UNIQUE KEY `UNIQ_880E0D76A76ED395` (`user_id`)
) ENGINE=InnoDB AUTO_INCREMENT=17 DEFAULT CHARSET=utf8mb4 COLLATE=utf8mb4_unicode_ci;

--
-- Déchargement des données de la table `admin`
--

INSERT INTO `admin` (`id`, `user_id`) VALUES
(12, 145),
(13, 146),
(14, 147),
(15, 148),
(16, 149);

-- --------------------------------------------------------

--
-- Structure de la table `command`
--

DROP TABLE IF EXISTS `command`;
CREATE TABLE IF NOT EXISTS `command` (
  `id` int(11) NOT NULL AUTO_INCREMENT,
  `user_id` int(11) DEFAULT NULL,
  `delivery` datetime NOT NULL,
  `price` double NOT NULL,
  `status` tinyint(1) NOT NULL,
  PRIMARY KEY (`id`),
  KEY `IDX_8ECAEAD4A76ED395` (`user_id`)
) ENGINE=InnoDB AUTO_INCREMENT=465 DEFAULT CHARSET=utf8mb4 COLLATE=utf8mb4_unicode_ci;

--
-- Déchargement des données de la table `command`
--

INSERT INTO `command` (`id`, `user_id`, `delivery`, `price`, `status`) VALUES
(301, 175, '2020-05-20 21:17:54', 0, 1),
(302, 175, '2020-05-20 21:17:54', 0, 1),
(303, 175, '2020-05-20 21:17:54', 0, 1),
(304, 175, '2020-05-20 21:17:54', 0, 1),
(305, 175, '2020-05-20 21:17:54', 0, 1),
(316, 178, '2020-05-20 21:17:54', 0, 0),
(317, 178, '2020-05-20 21:17:54', 0, 0),
(318, 178, '2020-05-20 21:17:54', 0, 0),
(319, 178, '2020-05-20 21:17:54', 0, 0),
(320, 178, '2020-05-20 21:17:54', 0, 0),
(321, 179, '2020-05-20 21:17:54', 0, 0),
(322, 179, '2020-05-20 21:17:54', 0, 0),
(323, 179, '2020-05-20 21:17:54', 0, 0),
(324, 179, '2020-05-20 21:17:54', 0, 0),
(325, 179, '2020-05-20 21:17:54', 0, 0),
(326, 180, '2020-05-20 21:17:54', 0, 0),
(327, 180, '2020-05-20 21:17:54', 0, 0),
(328, 180, '2020-05-20 21:17:54', 0, 0),
(329, 180, '2020-05-20 21:17:54', 0, 0),
(330, 180, '2020-05-20 21:17:54', 0, 0),
(331, 181, '2020-05-20 21:17:54', 0, 0),
(332, 181, '2020-05-20 21:17:54', 0, 0),
(333, 181, '2020-05-20 21:17:54', 0, 0),
(334, 181, '2020-05-20 21:17:54', 0, 0),
(335, 181, '2020-05-20 21:17:54', 0, 0),
(336, 182, '2020-05-20 21:17:54', 0, 0),
(337, 182, '2020-05-20 21:17:54', 0, 0),
(338, 182, '2020-05-20 21:17:54', 0, 0),
(339, 182, '2020-05-20 21:17:54', 0, 0),
(340, 182, '2020-05-20 21:17:54', 0, 0),
(341, 183, '2020-05-20 21:17:54', 0, 0),
(342, 183, '2020-05-20 21:17:54', 0, 0),
(343, 183, '2020-05-20 21:17:54', 0, 0),
(344, 183, '2020-05-20 21:17:54', 0, 0),
(345, 183, '2020-05-20 21:17:54', 0, 0),
(346, 184, '2020-05-20 21:17:54', 0, 0),
(347, 184, '2020-05-20 21:17:54', 0, 0),
(348, 184, '2020-05-20 21:17:54', 0, 0),
(349, 184, '2020-05-20 21:17:54', 0, 0),
(350, 184, '2020-05-20 21:17:54', 0, 0),
(351, 185, '2020-05-20 21:17:54', 0, 0),
(352, 185, '2020-05-20 21:17:54', 0, 0),
(353, 185, '2020-05-20 21:17:54', 0, 0),
(354, 185, '2020-05-20 21:17:54', 0, 0),
(355, 185, '2020-05-20 21:17:54', 0, 0),
(356, 186, '2020-05-20 21:17:54', 0, 0),
(357, 186, '2020-05-20 21:17:54', 0, 0),
(358, 186, '2020-05-20 21:17:54', 0, 0),
(359, 186, '2020-05-20 21:17:54', 0, 0),
(360, 186, '2020-05-20 21:17:54', 0, 0),
(361, 187, '2020-05-20 21:17:54', 0, 0),
(362, 187, '2020-05-20 21:17:54', 0, 0),
(363, 187, '2020-05-20 21:17:54', 0, 0),
(364, 187, '2020-05-20 21:17:54', 0, 0),
(365, 187, '2020-05-20 21:17:54', 0, 0),
(366, 188, '2020-05-20 21:17:54', 0, 0),
(367, 188, '2020-05-20 21:17:54', 0, 0),
(368, 188, '2020-05-20 21:17:54', 0, 0),
(369, 188, '2020-05-20 21:17:54', 0, 0),
(370, 188, '2020-05-20 21:17:54', 0, 0),
(371, 189, '2020-05-20 21:17:54', 0, 0),
(372, 189, '2020-05-20 21:17:54', 0, 0),
(373, 189, '2020-05-20 21:17:54', 0, 0),
(374, 189, '2020-05-20 21:17:54', 0, 0),
(375, 189, '2020-05-20 21:17:54', 0, 0),
(376, 190, '2020-05-20 21:17:54', 0, 0),
(377, 190, '2020-05-20 21:17:54', 0, 0),
(378, 190, '2020-05-20 21:17:54', 0, 0),
(379, 190, '2020-05-20 21:17:54', 0, 0),
(380, 190, '2020-05-20 21:17:54', 0, 0),
(381, 191, '2020-05-20 21:17:54', 0, 0),
(382, 191, '2020-05-20 21:17:54', 0, 0),
(383, 191, '2020-05-20 21:17:54', 0, 0),
(384, 191, '2020-05-20 21:17:54', 0, 0),
(385, 191, '2020-05-20 21:17:54', 0, 0),
(386, 192, '2020-05-20 21:17:54', 0, 0),
(387, 192, '2020-05-20 21:17:54', 0, 0),
(388, 192, '2020-05-20 21:17:54', 0, 0),
(389, 192, '2020-05-20 21:17:54', 0, 0),
(390, 192, '2020-05-20 21:17:54', 0, 0),
(391, 193, '2020-05-20 21:17:54', 0, 0),
(392, 193, '2020-05-20 21:17:54', 0, 0),
(393, 193, '2020-05-20 21:17:54', 0, 0),
(394, 193, '2020-05-20 21:17:54', 0, 0),
(395, 193, '2020-05-20 21:17:54', 0, 0),
(396, 194, '2020-05-20 21:17:54', 0, 0),
(397, 194, '2020-05-20 21:17:54', 0, 0),
(398, 194, '2020-05-20 21:17:54', 0, 0),
(399, 194, '2020-05-20 21:17:54', 0, 0),
(400, 194, '2020-05-20 21:17:54', 0, 0),
(401, 195, '2020-05-20 21:17:54', 0, 0),
(402, 195, '2020-05-20 21:17:54', 0, 0),
(403, 195, '2020-05-20 21:17:54', 0, 0),
(404, 195, '2020-05-20 21:17:54', 0, 0),
(405, 195, '2020-05-20 21:17:54', 0, 0),
(406, 196, '2020-05-20 21:17:54', 0, 0),
(407, 196, '2020-05-20 21:17:54', 0, 0),
(408, 196, '2020-05-20 21:17:54', 0, 0),
(409, 196, '2020-05-20 21:17:54', 0, 0),
(410, 196, '2020-05-20 21:17:54', 0, 0),
(411, 197, '2020-05-20 21:17:54', 0, 0),
(412, 197, '2020-05-20 21:17:54', 0, 0),
(413, 197, '2020-05-20 21:17:54', 0, 0),
(414, 197, '2020-05-20 21:17:54', 0, 0),
(415, 197, '2020-05-20 21:17:54', 0, 0),
(416, 198, '2020-05-20 21:17:54', 0, 0),
(417, 198, '2020-05-20 21:17:54', 0, 0),
(418, 198, '2020-05-20 21:17:54', 0, 0),
(419, 198, '2020-05-20 21:17:54', 0, 0),
(420, 198, '2020-05-20 21:17:54', 0, 0),
(421, 199, '2020-05-20 21:17:54', 0, 0),
(422, 199, '2020-05-20 21:17:54', 0, 0),
(423, 199, '2020-05-20 21:17:54', 0, 0),
(424, 199, '2020-05-20 21:17:54', 0, 0),
(425, 199, '2020-05-20 21:17:54', 0, 0),
(426, 200, '2020-05-20 21:17:54', 0, 0),
(427, 200, '2020-05-20 21:17:54', 0, 0),
(428, 200, '2020-05-20 21:17:54', 0, 0),
(429, 200, '2020-05-20 21:17:54', 0, 0),
(430, 200, '2020-05-20 21:17:54', 0, 0),
(431, 201, '2020-05-20 21:17:54', 0, 0),
(432, 201, '2020-05-20 21:17:54', 0, 0),
(433, 201, '2020-05-20 21:17:54', 0, 0),
(434, 201, '2020-05-20 21:17:54', 0, 0),
(435, 201, '2020-05-20 21:17:54', 0, 0),
(436, 202, '2020-05-20 21:17:54', 0, 0),
(437, 202, '2020-05-20 21:17:54', 0, 0),
(438, 202, '2020-05-20 21:17:54', 0, 0),
(439, 202, '2020-05-20 21:17:54', 0, 0),
(440, 202, '2020-05-20 21:17:54', 0, 0),
(441, 203, '2020-05-20 21:17:54', 0, 0),
(442, 203, '2020-05-20 21:17:54', 0, 0),
(443, 203, '2020-05-20 21:17:54', 0, 0),
(444, 203, '2020-05-20 21:17:54', 0, 0),
(445, 203, '2020-05-20 21:17:54', 0, 0),
(446, 204, '2020-05-20 21:17:54', 0, 0),
(447, 204, '2020-05-20 21:17:54', 0, 0),
(448, 204, '2020-05-20 21:17:54', 0, 0),
(449, 204, '2020-05-20 21:17:54', 0, 0),
(450, 204, '2020-05-20 21:17:54', 0, 0),
(452, 175, '2020-05-22 17:41:39', 48.5, 1),
(453, 175, '2020-05-22 18:07:25', 54.5, 1),
(454, 175, '2020-05-23 00:15:38', 22.5, 1),
(455, 175, '2020-05-24 15:50:50', 2.5, 1),
(456, 175, '2020-05-24 15:53:53', 11.5, 1),
(457, 205, '2020-05-24 00:00:00', 45, 0),
(458, 205, '2020-05-24 00:00:00', 22.5, 1),
(459, 205, '2020-05-24 00:00:00', 41, 0),
(460, 205, '2020-05-18 00:00:00', 4, 1),
(461, 205, '2020-05-12 00:00:00', 14, 1),
(462, 202, '2020-05-12 00:00:00', 45, 0),
(463, 202, '2020-05-25 00:00:00', 5, 0),
(464, 175, '2020-06-02 00:13:48', 12.5, 0);

-- --------------------------------------------------------

--
-- Structure de la table `command_dish`
--

DROP TABLE IF EXISTS `command_dish`;
CREATE TABLE IF NOT EXISTS `command_dish` (
  `id` int(11) NOT NULL AUTO_INCREMENT,
  `command_id` int(11) DEFAULT NULL,
  `dish_id` int(11) DEFAULT NULL,
  `quantity` int(11) NOT NULL,
  PRIMARY KEY (`id`),
  KEY `IDX_34D7223533E1689A` (`command_id`),
  KEY `IDX_34D72235148EB0CB` (`dish_id`)
) ENGINE=InnoDB AUTO_INCREMENT=173 DEFAULT CHARSET=utf8mb4 COLLATE=utf8mb4_unicode_ci;

--
-- Déchargement des données de la table `command_dish`
--

INSERT INTO `command_dish` (`id`, `command_id`, `dish_id`, `quantity`) VALUES
(1, 301, 2250, 5),
(2, 302, 2250, 2),
(3, 303, 2250, 3),
(4, 304, 2250, 2),
(5, 305, 2250, 5),
(16, 316, 2250, 5),
(17, 317, 2250, 5),
(18, 318, 2250, 2),
(19, 319, 2250, 3),
(20, 320, 2250, 2),
(21, 321, 2250, 3),
(22, 322, 2250, 2),
(23, 323, 2250, 1),
(24, 324, 2250, 1),
(25, 325, 2250, 1),
(26, 326, 2250, 2),
(27, 327, 2250, 1),
(28, 328, 2250, 2),
(29, 329, 2250, 5),
(30, 330, 2250, 4),
(31, 331, 2250, 4),
(32, 332, 2250, 2),
(33, 333, 2250, 5),
(34, 334, 2250, 3),
(35, 335, 2250, 3),
(36, 336, 2250, 4),
(37, 337, 2250, 3),
(38, 338, 2250, 5),
(39, 339, 2250, 4),
(40, 340, 2250, 2),
(41, 341, 2250, 4),
(42, 342, 2250, 5),
(43, 343, 2250, 4),
(44, 344, 2250, 3),
(45, 345, 2250, 2),
(46, 346, 2250, 4),
(47, 347, 2250, 2),
(48, 348, 2250, 1),
(49, 349, 2250, 5),
(50, 350, 2250, 2),
(51, 351, 2250, 3),
(52, 352, 2250, 1),
(53, 353, 2250, 4),
(54, 354, 2250, 4),
(55, 355, 2250, 5),
(56, 356, 2250, 4),
(57, 357, 2250, 1),
(58, 358, 2250, 3),
(59, 359, 2250, 2),
(60, 360, 2250, 4),
(61, 361, 2250, 2),
(62, 362, 2250, 3),
(63, 363, 2250, 2),
(64, 364, 2250, 4),
(65, 365, 2250, 1),
(66, 366, 2250, 2),
(67, 367, 2250, 1),
(68, 368, 2250, 1),
(69, 369, 2250, 2),
(70, 370, 2250, 4),
(71, 371, 2250, 3),
(72, 372, 2250, 3),
(73, 373, 2250, 2),
(74, 374, 2250, 2),
(75, 375, 2250, 4),
(76, 376, 2250, 3),
(77, 377, 2250, 4),
(78, 378, 2250, 5),
(79, 379, 2250, 2),
(80, 380, 2250, 1),
(81, 381, 2250, 1),
(82, 382, 2250, 3),
(83, 383, 2250, 5),
(84, 384, 2250, 2),
(85, 385, 2250, 1),
(86, 386, 2250, 1),
(87, 387, 2250, 3),
(88, 388, 2250, 4),
(89, 389, 2250, 5),
(90, 390, 2250, 1),
(91, 391, 2250, 2),
(92, 392, 2250, 1),
(93, 393, 2250, 2),
(94, 394, 2250, 5),
(95, 395, 2250, 4),
(96, 396, 2250, 3),
(97, 397, 2250, 3),
(98, 398, 2250, 1),
(99, 399, 2250, 2),
(100, 400, 2250, 1),
(101, 401, 2250, 4),
(102, 402, 2250, 5),
(103, 403, 2250, 1),
(104, 404, 2250, 3),
(105, 405, 2250, 2),
(106, 406, 2250, 1),
(107, 407, 2250, 3),
(108, 408, 2250, 5),
(109, 409, 2250, 5),
(110, 410, 2250, 1),
(111, 411, 2250, 3),
(112, 412, 2250, 5),
(113, 413, 2250, 2),
(114, 414, 2250, 1),
(115, 415, 2250, 1),
(116, 416, 2250, 5),
(117, 417, 2250, 1),
(118, 418, 2250, 5),
(119, 419, 2250, 3),
(120, 420, 2250, 2),
(121, 421, 2250, 4),
(122, 422, 2250, 2),
(123, 423, 2250, 1),
(124, 424, 2250, 1),
(125, 425, 2250, 3),
(126, 426, 2250, 3),
(127, 427, 2250, 4),
(128, 428, 2250, 1),
(129, 429, 2250, 3),
(130, 430, 2250, 4),
(131, 431, 2250, 1),
(132, 432, 2250, 2),
(133, 433, 2250, 1),
(134, 434, 2250, 4),
(135, 435, 2250, 2),
(136, 436, 2250, 4),
(137, 437, 2250, 5),
(138, 438, 2250, 4),
(139, 439, 2250, 1),
(140, 440, 2250, 4),
(141, 441, 2250, 4),
(142, 442, 2250, 1),
(143, 443, 2250, 3),
(144, 444, 2250, 4),
(145, 445, 2250, 3),
(146, 446, 2250, 3),
(147, 447, 2250, 4),
(148, 448, 2250, 4),
(149, 449, 2250, 5),
(150, 450, 2250, 4),
(151, 452, 1711, 1),
(152, 452, 1718, 3),
(153, 453, 1771, 2),
(154, 453, 1785, 1),
(155, 453, 1772, 2),
(156, 453, 1773, 1),
(157, 454, 1562, 1),
(158, 455, 1771, 1),
(159, 456, 1686, 1),
(160, 457, 2251, 2),
(161, 458, 2251, 3),
(162, 457, 2252, 8),
(163, 458, 2252, 6),
(164, 459, 2251, 2),
(165, 460, 2251, 4),
(170, 463, 1561, 2),
(171, 463, 1562, 2),
(172, 464, 1561, 1);

-- --------------------------------------------------------

--
-- Structure de la table `comment`
--

DROP TABLE IF EXISTS `comment`;
CREATE TABLE IF NOT EXISTS `comment` (
  `id` int(11) NOT NULL AUTO_INCREMENT,
  `user_id` int(11) DEFAULT NULL,
  `dish_id` int(11) DEFAULT NULL,
  `content` varchar(255) COLLATE utf8mb4_unicode_ci NOT NULL,
  `publication` datetime NOT NULL,
  PRIMARY KEY (`id`),
  KEY `IDX_9474526CA76ED395` (`user_id`),
  KEY `IDX_9474526C148EB0CB` (`dish_id`)
) ENGINE=InnoDB AUTO_INCREMENT=62 DEFAULT CHARSET=utf8mb4 COLLATE=utf8mb4_unicode_ci;

--
-- Déchargement des données de la table `comment`
--

INSERT INTO `comment` (`id`, `user_id`, `dish_id`, `content`, `publication`) VALUES
(57, 200, 2250, 'trop bon', '2020-05-20 21:17:54'),
(58, 201, 2250, 'trop bon', '2020-05-20 21:17:54'),
(59, 202, 2250, 'trop bon', '2020-05-20 21:17:54'),
(60, 203, 2250, 'trop bon', '2020-05-20 21:17:54'),
(61, 204, 2250, 'trop bon', '2020-05-20 21:17:54');

-- --------------------------------------------------------

--
-- Structure de la table `dish`
--

DROP TABLE IF EXISTS `dish`;
CREATE TABLE IF NOT EXISTS `dish` (
  `id` int(11) NOT NULL AUTO_INCREMENT,
  `restorer_id` int(11) DEFAULT NULL,
  `name` varchar(255) COLLATE utf8mb4_unicode_ci NOT NULL,
  `img` varchar(255) COLLATE utf8mb4_unicode_ci NOT NULL,
  `price` varchar(255) COLLATE utf8mb4_unicode_ci NOT NULL,
  PRIMARY KEY (`id`),
  KEY `IDX_957D8CB829C3E95E` (`restorer_id`)
) ENGINE=InnoDB AUTO_INCREMENT=2261 DEFAULT CHARSET=utf8mb4 COLLATE=utf8mb4_unicode_ci;

--
-- Déchargement des données de la table `dish`
--

INSERT INTO `dish` (`id`, `restorer_id`, `name`, `img`, `price`) VALUES
(1561, 61, 'plat0', 'default.png', '10'),
(1562, 61, 'plat1', 'default.png', '20'),
(1563, 61, 'plat2', 'default.png', '11'),
(1564, 61, 'plat3', 'default.png', '15'),
(1565, 61, 'plat4', 'default.png', '13'),
(1566, 61, 'plat5', 'default.png', '19'),
(1567, 61, 'plat6', 'default.png', '9'),
(1568, 61, 'plat7', 'default.png', '9'),
(1569, 61, 'plat8', 'default.png', '6'),
(1570, 61, 'plat9', 'default.png', '10'),
(1571, 61, 'plat10', 'default.png', '12'),
(1572, 61, 'plat11', 'default.png', '9'),
(1573, 61, 'plat12', 'default.png', '7'),
(1574, 61, 'plat13', 'default.png', '11'),
(1575, 61, 'plat14', 'default.png', '10'),
(1576, 61, 'plat15', 'default.png', '0'),
(1577, 61, 'plat16', 'default.png', '12'),
(1578, 61, 'plat17', 'default.png', '19'),
(1579, 61, 'plat18', 'default.png', '8'),
(1580, 61, 'plat19', 'default.png', '15'),
(1581, 61, 'plat20', 'default.png', '8'),
(1582, 61, 'plat21', 'default.png', '9'),
(1583, 61, 'plat22', 'default.png', '3'),
(1584, 61, 'plat23', 'default.png', '18'),
(1585, 61, 'plat24', 'default.png', '5'),
(1586, 61, 'plat25', 'default.png', '0'),
(1587, 61, 'plat26', 'default.png', '10'),
(1588, 61, 'plat27', 'default.png', '3'),
(1589, 61, 'plat28', 'default.png', '14'),
(1590, 61, 'plat29', 'default.png', '6'),
(1621, 63, 'plat0', 'default.png', '19'),
(1622, 63, 'plat1', 'default.png', '10'),
(1623, 63, 'plat2', 'default.png', '13'),
(1624, 63, 'plat3', 'default.png', '13'),
(1625, 63, 'plat4', 'default.png', '18'),
(1626, 63, 'plat5', 'default.png', '4'),
(1627, 63, 'plat6', 'default.png', '13'),
(1628, 63, 'plat7', 'default.png', '5'),
(1629, 63, 'plat8', 'default.png', '15'),
(1630, 63, 'plat9', 'default.png', '9'),
(1631, 63, 'plat10', 'default.png', '8'),
(1632, 63, 'plat11', 'default.png', '1'),
(1633, 63, 'plat12', 'default.png', '4'),
(1634, 63, 'plat13', 'default.png', '0'),
(1635, 63, 'plat14', 'default.png', '16'),
(1636, 63, 'plat15', 'default.png', '1'),
(1637, 63, 'plat16', 'default.png', '3'),
(1638, 63, 'plat17', 'default.png', '3'),
(1639, 63, 'plat18', 'default.png', '5'),
(1640, 63, 'plat19', 'default.png', '12'),
(1641, 63, 'plat20', 'default.png', '1'),
(1642, 63, 'plat21', 'default.png', '0'),
(1643, 63, 'plat22', 'default.png', '12'),
(1644, 63, 'plat23', 'default.png', '10'),
(1645, 63, 'plat24', 'default.png', '0'),
(1646, 63, 'plat25', 'default.png', '13'),
(1647, 63, 'plat26', 'default.png', '19'),
(1648, 63, 'plat27', 'default.png', '20'),
(1649, 63, 'plat28', 'default.png', '13'),
(1650, 63, 'plat29', 'default.png', '13'),
(1651, 64, 'plat0', 'default.png', '3'),
(1652, 64, 'plat1', 'default.png', '10'),
(1653, 64, 'plat2', 'default.png', '19'),
(1654, 64, 'plat3', 'default.png', '10'),
(1655, 64, 'plat4', 'default.png', '10'),
(1656, 64, 'plat5', 'default.png', '3'),
(1657, 64, 'plat6', 'default.png', '14'),
(1658, 64, 'plat7', 'default.png', '13'),
(1659, 64, 'plat8', 'default.png', '0'),
(1660, 64, 'plat9', 'default.png', '11'),
(1661, 64, 'plat10', 'default.png', '5'),
(1662, 64, 'plat11', 'default.png', '5'),
(1663, 64, 'plat12', 'default.png', '16'),
(1664, 64, 'plat13', 'default.png', '5'),
(1665, 64, 'plat14', 'default.png', '13'),
(1666, 64, 'plat15', 'default.png', '13'),
(1667, 64, 'plat16', 'default.png', '3'),
(1668, 64, 'plat17', 'default.png', '17'),
(1669, 64, 'plat18', 'default.png', '12'),
(1670, 64, 'plat19', 'default.png', '17'),
(1671, 64, 'plat20', 'default.png', '6'),
(1672, 64, 'plat21', 'default.png', '15'),
(1673, 64, 'plat22', 'default.png', '1'),
(1674, 64, 'plat23', 'default.png', '4'),
(1675, 64, 'plat24', 'default.png', '8'),
(1676, 64, 'plat25', 'default.png', '14'),
(1677, 64, 'plat26', 'default.png', '4'),
(1678, 64, 'plat27', 'default.png', '14'),
(1679, 64, 'plat28', 'default.png', '4'),
(1680, 64, 'plat29', 'default.png', '9'),
(1681, 65, 'plat0', 'default.png', '5'),
(1682, 65, 'plat1', 'default.png', '17'),
(1683, 65, 'plat2', 'default.png', '6'),
(1684, 65, 'plat3', 'default.png', '8'),
(1685, 65, 'plat4', 'default.png', '15'),
(1686, 65, 'plat5', 'default.png', '9'),
(1687, 65, 'plat6', 'default.png', '2'),
(1688, 65, 'plat7', 'default.png', '15'),
(1689, 65, 'plat8', 'default.png', '16'),
(1690, 65, 'plat9', 'default.png', '8'),
(1691, 65, 'plat10', 'default.png', '5'),
(1692, 65, 'plat11', 'default.png', '6'),
(1693, 65, 'plat12', 'default.png', '6'),
(1694, 65, 'plat13', 'default.png', '2'),
(1695, 65, 'plat14', 'default.png', '11'),
(1696, 65, 'plat15', 'default.png', '18'),
(1697, 65, 'plat16', 'default.png', '19'),
(1698, 65, 'plat17', 'default.png', '9'),
(1699, 65, 'plat18', 'default.png', '3'),
(1700, 65, 'plat19', 'default.png', '11'),
(1701, 65, 'plat20', 'default.png', '14'),
(1702, 65, 'plat21', 'default.png', '20'),
(1703, 65, 'plat22', 'default.png', '5'),
(1704, 65, 'plat23', 'default.png', '7'),
(1705, 65, 'plat24', 'default.png', '15'),
(1706, 65, 'plat25', 'default.png', '20'),
(1707, 65, 'plat26', 'default.png', '8'),
(1708, 65, 'plat27', 'default.png', '14'),
(1709, 65, 'plat28', 'default.png', '10'),
(1710, 65, 'plat29', 'default.png', '11'),
(1711, 66, 'plat0', 'default.png', '16'),
(1712, 66, 'plat1', 'default.png', '1'),
(1713, 66, 'plat2', 'default.png', '3'),
(1714, 66, 'plat3', 'default.png', '7'),
(1715, 66, 'plat4', 'default.png', '9'),
(1716, 66, 'plat5', 'default.png', '0'),
(1717, 66, 'plat6', 'default.png', '7'),
(1718, 66, 'plat7', 'default.png', '10'),
(1719, 66, 'plat8', 'default.png', '8'),
(1720, 66, 'plat9', 'default.png', '4'),
(1721, 66, 'plat10', 'default.png', '19'),
(1722, 66, 'plat11', 'default.png', '11'),
(1723, 66, 'plat12', 'default.png', '18'),
(1724, 66, 'plat13', 'default.png', '15'),
(1725, 66, 'plat14', 'default.png', '19'),
(1726, 66, 'plat15', 'default.png', '7'),
(1727, 66, 'plat16', 'default.png', '9'),
(1728, 66, 'plat17', 'default.png', '9'),
(1729, 66, 'plat18', 'default.png', '19'),
(1730, 66, 'plat19', 'default.png', '13'),
(1731, 66, 'plat20', 'default.png', '6'),
(1732, 66, 'plat21', 'default.png', '12'),
(1733, 66, 'plat22', 'default.png', '13'),
(1734, 66, 'plat23', 'default.png', '10'),
(1735, 66, 'plat24', 'default.png', '2'),
(1736, 66, 'plat25', 'default.png', '2'),
(1737, 66, 'plat26', 'default.png', '5'),
(1738, 66, 'plat27', 'default.png', '4'),
(1739, 66, 'plat28', 'default.png', '0'),
(1740, 66, 'plat29', 'default.png', '15'),
(1741, 67, 'plat0', 'default.png', '12'),
(1742, 67, 'plat1', 'default.png', '16'),
(1743, 67, 'plat2', 'default.png', '18'),
(1744, 67, 'plat3', 'default.png', '17'),
(1745, 67, 'plat4', 'default.png', '7'),
(1746, 67, 'plat5', 'default.png', '17'),
(1747, 67, 'plat6', 'default.png', '17'),
(1748, 67, 'plat7', 'default.png', '6'),
(1749, 67, 'plat8', 'default.png', '7'),
(1750, 67, 'plat9', 'default.png', '6'),
(1751, 67, 'plat10', 'default.png', '1'),
(1752, 67, 'plat11', 'default.png', '16'),
(1753, 67, 'plat12', 'default.png', '4'),
(1754, 67, 'plat13', 'default.png', '18'),
(1755, 67, 'plat14', 'default.png', '16'),
(1756, 67, 'plat15', 'default.png', '17'),
(1757, 67, 'plat16', 'default.png', '13'),
(1758, 67, 'plat17', 'default.png', '13'),
(1759, 67, 'plat18', 'default.png', '14'),
(1760, 67, 'plat19', 'default.png', '0'),
(1761, 67, 'plat20', 'default.png', '1'),
(1762, 67, 'plat21', 'default.png', '7'),
(1763, 67, 'plat22', 'default.png', '7'),
(1764, 67, 'plat23', 'default.png', '8'),
(1765, 67, 'plat24', 'default.png', '19'),
(1766, 67, 'plat25', 'default.png', '9'),
(1767, 67, 'plat26', 'default.png', '11'),
(1768, 67, 'plat27', 'default.png', '20'),
(1769, 67, 'plat28', 'default.png', '17'),
(1770, 67, 'plat29', 'default.png', '19'),
(1771, 68, 'plat0', 'default.png', '0'),
(1772, 68, 'plat1', 'default.png', '18'),
(1773, 68, 'plat2', 'default.png', '7'),
(1774, 68, 'plat3', 'default.png', '14'),
(1775, 68, 'plat4', 'default.png', '17'),
(1776, 68, 'plat5', 'default.png', '10'),
(1777, 68, 'plat6', 'default.png', '4'),
(1778, 68, 'plat7', 'default.png', '10'),
(1779, 68, 'plat8', 'default.png', '7'),
(1780, 68, 'plat9', 'default.png', '11'),
(1781, 68, 'plat10', 'default.png', '1'),
(1782, 68, 'plat11', 'default.png', '11'),
(1783, 68, 'plat12', 'default.png', '19'),
(1784, 68, 'plat13', 'default.png', '3'),
(1785, 68, 'plat14', 'default.png', '9'),
(1786, 68, 'plat15', 'default.png', '6'),
(1787, 68, 'plat16', 'default.png', '5'),
(1788, 68, 'plat17', 'default.png', '1'),
(1789, 68, 'plat18', 'default.png', '20'),
(1790, 68, 'plat19', 'default.png', '11'),
(1791, 68, 'plat20', 'default.png', '0'),
(1792, 68, 'plat21', 'default.png', '13'),
(1793, 68, 'plat22', 'default.png', '3'),
(1794, 68, 'plat23', 'default.png', '11'),
(1795, 68, 'plat24', 'default.png', '11'),
(1796, 68, 'plat25', 'default.png', '3'),
(1797, 68, 'plat26', 'default.png', '11'),
(1798, 68, 'plat27', 'default.png', '9'),
(1799, 68, 'plat28', 'default.png', '12'),
(1800, 68, 'plat29', 'default.png', '6'),
(1801, 69, 'plat0', 'default.png', '20'),
(1802, 69, 'plat1', 'default.png', '12'),
(1803, 69, 'plat2', 'default.png', '12'),
(1804, 69, 'plat3', 'default.png', '12'),
(1805, 69, 'plat4', 'default.png', '3'),
(1806, 69, 'plat5', 'default.png', '10'),
(1807, 69, 'plat6', 'default.png', '13'),
(1808, 69, 'plat7', 'default.png', '1'),
(1809, 69, 'plat8', 'default.png', '10'),
(1810, 69, 'plat9', 'default.png', '15'),
(1811, 69, 'plat10', 'default.png', '0'),
(1812, 69, 'plat11', 'default.png', '7'),
(1813, 69, 'plat12', 'default.png', '20'),
(1814, 69, 'plat13', 'default.png', '8'),
(1815, 69, 'plat14', 'default.png', '6'),
(1816, 69, 'plat15', 'default.png', '20'),
(1817, 69, 'plat16', 'default.png', '19'),
(1818, 69, 'plat17', 'default.png', '18'),
(1819, 69, 'plat18', 'default.png', '8'),
(1820, 69, 'plat19', 'default.png', '14'),
(1821, 69, 'plat20', 'default.png', '18'),
(1822, 69, 'plat21', 'default.png', '12'),
(1823, 69, 'plat22', 'default.png', '2'),
(1824, 69, 'plat23', 'default.png', '6'),
(1825, 69, 'plat24', 'default.png', '14'),
(1826, 69, 'plat25', 'default.png', '11'),
(1827, 69, 'plat26', 'default.png', '14'),
(1828, 69, 'plat27', 'default.png', '14'),
(1829, 69, 'plat28', 'default.png', '11'),
(1830, 69, 'plat29', 'default.png', '19'),
(1831, 70, 'plat0', 'default.png', '4'),
(1832, 70, 'plat1', 'default.png', '0'),
(1833, 70, 'plat2', 'default.png', '5'),
(1834, 70, 'plat3', 'default.png', '11'),
(1835, 70, 'plat4', 'default.png', '20'),
(1836, 70, 'plat5', 'default.png', '20'),
(1837, 70, 'plat6', 'default.png', '10'),
(1838, 70, 'plat7', 'default.png', '19'),
(1839, 70, 'plat8', 'default.png', '19'),
(1840, 70, 'plat9', 'default.png', '20'),
(1841, 70, 'plat10', 'default.png', '1'),
(1842, 70, 'plat11', 'default.png', '16'),
(1843, 70, 'plat12', 'default.png', '12'),
(1844, 70, 'plat13', 'default.png', '11'),
(1845, 70, 'plat14', 'default.png', '19'),
(1846, 70, 'plat15', 'default.png', '2'),
(1847, 70, 'plat16', 'default.png', '13'),
(1848, 70, 'plat17', 'default.png', '19'),
(1849, 70, 'plat18', 'default.png', '16'),
(1850, 70, 'plat19', 'default.png', '0'),
(1851, 70, 'plat20', 'default.png', '0'),
(1852, 70, 'plat21', 'default.png', '11'),
(1853, 70, 'plat22', 'default.png', '1'),
(1854, 70, 'plat23', 'default.png', '14'),
(1855, 70, 'plat24', 'default.png', '16'),
(1856, 70, 'plat25', 'default.png', '5'),
(1857, 70, 'plat26', 'default.png', '14'),
(1858, 70, 'plat27', 'default.png', '20'),
(1859, 70, 'plat28', 'default.png', '0'),
(1860, 70, 'plat29', 'default.png', '19'),
(1861, 71, 'plat0', 'default.png', '8'),
(1862, 71, 'plat1', 'default.png', '10'),
(1863, 71, 'plat2', 'default.png', '10'),
(1864, 71, 'plat3', 'default.png', '18'),
(1865, 71, 'plat4', 'default.png', '3'),
(1866, 71, 'plat5', 'default.png', '4'),
(1867, 71, 'plat6', 'default.png', '13'),
(1868, 71, 'plat7', 'default.png', '8'),
(1869, 71, 'plat8', 'default.png', '17'),
(1870, 71, 'plat9', 'default.png', '13'),
(1871, 71, 'plat10', 'default.png', '9'),
(1872, 71, 'plat11', 'default.png', '14'),
(1873, 71, 'plat12', 'default.png', '15'),
(1874, 71, 'plat13', 'default.png', '1'),
(1875, 71, 'plat14', 'default.png', '0'),
(1876, 71, 'plat15', 'default.png', '18'),
(1877, 71, 'plat16', 'default.png', '8'),
(1878, 71, 'plat17', 'default.png', '20'),
(1879, 71, 'plat18', 'default.png', '8'),
(1880, 71, 'plat19', 'default.png', '3'),
(1881, 71, 'plat20', 'default.png', '1'),
(1882, 71, 'plat21', 'default.png', '18'),
(1883, 71, 'plat22', 'default.png', '0'),
(1884, 71, 'plat23', 'default.png', '19'),
(1885, 71, 'plat24', 'default.png', '1'),
(1886, 71, 'plat25', 'default.png', '4'),
(1887, 71, 'plat26', 'default.png', '7'),
(1888, 71, 'plat27', 'default.png', '2'),
(1889, 71, 'plat28', 'default.png', '11'),
(1890, 71, 'plat29', 'default.png', '1'),
(1891, 72, 'plat0', 'default.png', '9'),
(1892, 72, 'plat1', 'default.png', '7'),
(1893, 72, 'plat2', 'default.png', '3'),
(1894, 72, 'plat3', 'default.png', '18'),
(1895, 72, 'plat4', 'default.png', '10'),
(1896, 72, 'plat5', 'default.png', '11'),
(1897, 72, 'plat6', 'default.png', '12'),
(1898, 72, 'plat7', 'default.png', '20'),
(1899, 72, 'plat8', 'default.png', '0'),
(1900, 72, 'plat9', 'default.png', '20'),
(1901, 72, 'plat10', 'default.png', '12'),
(1902, 72, 'plat11', 'default.png', '7'),
(1903, 72, 'plat12', 'default.png', '12'),
(1904, 72, 'plat13', 'default.png', '8'),
(1905, 72, 'plat14', 'default.png', '9'),
(1906, 72, 'plat15', 'default.png', '5'),
(1907, 72, 'plat16', 'default.png', '2'),
(1908, 72, 'plat17', 'default.png', '0'),
(1909, 72, 'plat18', 'default.png', '18'),
(1910, 72, 'plat19', 'default.png', '8'),
(1911, 72, 'plat20', 'default.png', '13'),
(1912, 72, 'plat21', 'default.png', '10'),
(1913, 72, 'plat22', 'default.png', '11'),
(1914, 72, 'plat23', 'default.png', '5'),
(1915, 72, 'plat24', 'default.png', '20'),
(1916, 72, 'plat25', 'default.png', '1'),
(1917, 72, 'plat26', 'default.png', '3'),
(1918, 72, 'plat27', 'default.png', '3'),
(1919, 72, 'plat28', 'default.png', '17'),
(1920, 72, 'plat29', 'default.png', '2'),
(1921, 73, 'plat0', 'default.png', '20'),
(1922, 73, 'plat1', 'default.png', '13'),
(1923, 73, 'plat2', 'default.png', '11'),
(1924, 73, 'plat3', 'default.png', '12'),
(1925, 73, 'plat4', 'default.png', '4'),
(1926, 73, 'plat5', 'default.png', '6'),
(1927, 73, 'plat6', 'default.png', '15'),
(1928, 73, 'plat7', 'default.png', '4'),
(1929, 73, 'plat8', 'default.png', '18'),
(1930, 73, 'plat9', 'default.png', '12'),
(1931, 73, 'plat10', 'default.png', '2'),
(1932, 73, 'plat11', 'default.png', '12'),
(1933, 73, 'plat12', 'default.png', '18'),
(1934, 73, 'plat13', 'default.png', '11'),
(1935, 73, 'plat14', 'default.png', '20'),
(1936, 73, 'plat15', 'default.png', '2'),
(1937, 73, 'plat16', 'default.png', '18'),
(1938, 73, 'plat17', 'default.png', '16'),
(1939, 73, 'plat18', 'default.png', '4'),
(1940, 73, 'plat19', 'default.png', '3'),
(1941, 73, 'plat20', 'default.png', '12'),
(1942, 73, 'plat21', 'default.png', '11'),
(1943, 73, 'plat22', 'default.png', '19'),
(1944, 73, 'plat23', 'default.png', '9'),
(1945, 73, 'plat24', 'default.png', '2'),
(1946, 73, 'plat25', 'default.png', '10'),
(1947, 73, 'plat26', 'default.png', '0'),
(1948, 73, 'plat27', 'default.png', '2'),
(1949, 73, 'plat28', 'default.png', '12'),
(1950, 73, 'plat29', 'default.png', '17'),
(1951, 74, 'plat0', 'default.png', '6'),
(1952, 74, 'plat1', 'default.png', '18'),
(1953, 74, 'plat2', 'default.png', '9'),
(1954, 74, 'plat3', 'default.png', '9'),
(1955, 74, 'plat4', 'default.png', '8'),
(1956, 74, 'plat5', 'default.png', '6'),
(1957, 74, 'plat6', 'default.png', '11'),
(1958, 74, 'plat7', 'default.png', '14'),
(1959, 74, 'plat8', 'default.png', '19'),
(1960, 74, 'plat9', 'default.png', '0'),
(1961, 74, 'plat10', 'default.png', '15'),
(1962, 74, 'plat11', 'default.png', '8'),
(1963, 74, 'plat12', 'default.png', '4'),
(1964, 74, 'plat13', 'default.png', '9'),
(1965, 74, 'plat14', 'default.png', '11'),
(1966, 74, 'plat15', 'default.png', '17'),
(1967, 74, 'plat16', 'default.png', '7'),
(1968, 74, 'plat17', 'default.png', '11'),
(1969, 74, 'plat18', 'default.png', '1'),
(1970, 74, 'plat19', 'default.png', '19'),
(1971, 74, 'plat20', 'default.png', '17'),
(1972, 74, 'plat21', 'default.png', '20'),
(1973, 74, 'plat22', 'default.png', '1'),
(1974, 74, 'plat23', 'default.png', '12'),
(1975, 74, 'plat24', 'default.png', '10'),
(1976, 74, 'plat25', 'default.png', '11'),
(1977, 74, 'plat26', 'default.png', '0'),
(1978, 74, 'plat27', 'default.png', '0'),
(1979, 74, 'plat28', 'default.png', '1'),
(1980, 74, 'plat29', 'default.png', '17'),
(1981, 75, 'plat0', 'default.png', '1'),
(1982, 75, 'plat1', 'default.png', '1'),
(1983, 75, 'plat2', 'default.png', '16'),
(1984, 75, 'plat3', 'default.png', '4'),
(1985, 75, 'plat4', 'default.png', '4'),
(1986, 75, 'plat5', 'default.png', '11'),
(1987, 75, 'plat6', 'default.png', '16'),
(1988, 75, 'plat7', 'default.png', '13'),
(1989, 75, 'plat8', 'default.png', '5'),
(1990, 75, 'plat9', 'default.png', '16'),
(1991, 75, 'plat10', 'default.png', '2'),
(1992, 75, 'plat11', 'default.png', '5'),
(1993, 75, 'plat12', 'default.png', '11'),
(1994, 75, 'plat13', 'default.png', '4'),
(1995, 75, 'plat14', 'default.png', '13'),
(1996, 75, 'plat15', 'default.png', '18'),
(1997, 75, 'plat16', 'default.png', '17'),
(1998, 75, 'plat17', 'default.png', '1'),
(1999, 75, 'plat18', 'default.png', '11'),
(2000, 75, 'plat19', 'default.png', '1'),
(2001, 75, 'plat20', 'default.png', '15'),
(2002, 75, 'plat21', 'default.png', '12'),
(2003, 75, 'plat22', 'default.png', '5'),
(2004, 75, 'plat23', 'default.png', '14'),
(2005, 75, 'plat24', 'default.png', '1'),
(2006, 75, 'plat25', 'default.png', '20'),
(2007, 75, 'plat26', 'default.png', '14'),
(2008, 75, 'plat27', 'default.png', '16'),
(2009, 75, 'plat28', 'default.png', '5'),
(2010, 75, 'plat29', 'default.png', '19'),
(2011, 76, 'plat0', 'default.png', '0'),
(2012, 76, 'plat1', 'default.png', '13'),
(2013, 76, 'plat2', 'default.png', '5'),
(2014, 76, 'plat3', 'default.png', '14'),
(2015, 76, 'plat4', 'default.png', '13'),
(2016, 76, 'plat5', 'default.png', '3'),
(2017, 76, 'plat6', 'default.png', '7'),
(2018, 76, 'plat7', 'default.png', '1'),
(2019, 76, 'plat8', 'default.png', '15'),
(2020, 76, 'plat9', 'default.png', '20'),
(2021, 76, 'plat10', 'default.png', '19'),
(2022, 76, 'plat11', 'default.png', '0'),
(2023, 76, 'plat12', 'default.png', '18'),
(2024, 76, 'plat13', 'default.png', '6'),
(2025, 76, 'plat14', 'default.png', '12'),
(2026, 76, 'plat15', 'default.png', '7'),
(2027, 76, 'plat16', 'default.png', '6'),
(2028, 76, 'plat17', 'default.png', '17'),
(2029, 76, 'plat18', 'default.png', '12'),
(2030, 76, 'plat19', 'default.png', '7'),
(2031, 76, 'plat20', 'default.png', '3'),
(2032, 76, 'plat21', 'default.png', '17'),
(2033, 76, 'plat22', 'default.png', '9'),
(2034, 76, 'plat23', 'default.png', '8'),
(2035, 76, 'plat24', 'default.png', '11'),
(2036, 76, 'plat25', 'default.png', '19'),
(2037, 76, 'plat26', 'default.png', '0'),
(2038, 76, 'plat27', 'default.png', '17'),
(2039, 76, 'plat28', 'default.png', '8'),
(2040, 76, 'plat29', 'default.png', '14'),
(2041, 77, 'plat0', 'default.png', '18'),
(2042, 77, 'plat1', 'default.png', '13'),
(2043, 77, 'plat2', 'default.png', '18'),
(2044, 77, 'plat3', 'default.png', '17'),
(2045, 77, 'plat4', 'default.png', '10'),
(2046, 77, 'plat5', 'default.png', '14'),
(2047, 77, 'plat6', 'default.png', '0'),
(2048, 77, 'plat7', 'default.png', '8'),
(2049, 77, 'plat8', 'default.png', '15'),
(2050, 77, 'plat9', 'default.png', '6'),
(2051, 77, 'plat10', 'default.png', '4'),
(2052, 77, 'plat11', 'default.png', '17'),
(2053, 77, 'plat12', 'default.png', '18'),
(2054, 77, 'plat13', 'default.png', '0'),
(2055, 77, 'plat14', 'default.png', '8'),
(2056, 77, 'plat15', 'default.png', '17'),
(2057, 77, 'plat16', 'default.png', '6'),
(2058, 77, 'plat17', 'default.png', '16'),
(2059, 77, 'plat18', 'default.png', '17'),
(2060, 77, 'plat19', 'default.png', '8'),
(2061, 77, 'plat20', 'default.png', '2'),
(2062, 77, 'plat21', 'default.png', '16'),
(2063, 77, 'plat22', 'default.png', '19'),
(2064, 77, 'plat23', 'default.png', '17'),
(2065, 77, 'plat24', 'default.png', '0'),
(2066, 77, 'plat25', 'default.png', '6'),
(2067, 77, 'plat26', 'default.png', '18'),
(2068, 77, 'plat27', 'default.png', '4'),
(2069, 77, 'plat28', 'default.png', '0'),
(2070, 77, 'plat29', 'default.png', '8'),
(2071, 78, 'plat0', 'default.png', '10'),
(2072, 78, 'plat1', 'default.png', '13'),
(2073, 78, 'plat2', 'default.png', '7'),
(2074, 78, 'plat3', 'default.png', '18'),
(2075, 78, 'plat4', 'default.png', '18'),
(2076, 78, 'plat5', 'default.png', '9'),
(2077, 78, 'plat6', 'default.png', '13'),
(2078, 78, 'plat7', 'default.png', '4'),
(2079, 78, 'plat8', 'default.png', '13'),
(2080, 78, 'plat9', 'default.png', '8'),
(2081, 78, 'plat10', 'default.png', '6'),
(2082, 78, 'plat11', 'default.png', '11'),
(2083, 78, 'plat12', 'default.png', '12'),
(2084, 78, 'plat13', 'default.png', '11'),
(2085, 78, 'plat14', 'default.png', '5'),
(2086, 78, 'plat15', 'default.png', '12'),
(2087, 78, 'plat16', 'default.png', '20'),
(2088, 78, 'plat17', 'default.png', '17'),
(2089, 78, 'plat18', 'default.png', '19'),
(2090, 78, 'plat19', 'default.png', '16'),
(2091, 78, 'plat20', 'default.png', '4'),
(2092, 78, 'plat21', 'default.png', '14'),
(2093, 78, 'plat22', 'default.png', '15'),
(2094, 78, 'plat23', 'default.png', '7'),
(2095, 78, 'plat24', 'default.png', '4'),
(2096, 78, 'plat25', 'default.png', '6'),
(2097, 78, 'plat26', 'default.png', '18'),
(2098, 78, 'plat27', 'default.png', '8'),
(2099, 78, 'plat28', 'default.png', '14'),
(2100, 78, 'plat29', 'default.png', '15'),
(2101, 79, 'plat0', 'default.png', '16'),
(2102, 79, 'plat1', 'default.png', '10'),
(2103, 79, 'plat2', 'default.png', '15'),
(2104, 79, 'plat3', 'default.png', '10'),
(2105, 79, 'plat4', 'default.png', '16'),
(2106, 79, 'plat5', 'default.png', '13'),
(2107, 79, 'plat6', 'default.png', '9'),
(2108, 79, 'plat7', 'default.png', '2'),
(2109, 79, 'plat8', 'default.png', '13'),
(2110, 79, 'plat9', 'default.png', '7'),
(2111, 79, 'plat10', 'default.png', '17'),
(2112, 79, 'plat11', 'default.png', '6'),
(2113, 79, 'plat12', 'default.png', '19'),
(2114, 79, 'plat13', 'default.png', '20'),
(2115, 79, 'plat14', 'default.png', '18'),
(2116, 79, 'plat15', 'default.png', '19'),
(2117, 79, 'plat16', 'default.png', '11'),
(2118, 79, 'plat17', 'default.png', '18'),
(2119, 79, 'plat18', 'default.png', '14'),
(2120, 79, 'plat19', 'default.png', '7'),
(2121, 79, 'plat20', 'default.png', '13'),
(2122, 79, 'plat21', 'default.png', '5'),
(2123, 79, 'plat22', 'default.png', '6'),
(2124, 79, 'plat23', 'default.png', '7'),
(2125, 79, 'plat24', 'default.png', '13'),
(2126, 79, 'plat25', 'default.png', '7'),
(2127, 79, 'plat26', 'default.png', '16'),
(2128, 79, 'plat27', 'default.png', '4'),
(2129, 79, 'plat28', 'default.png', '14'),
(2130, 79, 'plat29', 'default.png', '11'),
(2131, 80, 'plat0', 'default.png', '20'),
(2132, 80, 'plat1', 'default.png', '16'),
(2133, 80, 'plat2', 'default.png', '8'),
(2134, 80, 'plat3', 'default.png', '4'),
(2135, 80, 'plat4', 'default.png', '3'),
(2136, 80, 'plat5', 'default.png', '9'),
(2137, 80, 'plat6', 'default.png', '3'),
(2138, 80, 'plat7', 'default.png', '14'),
(2139, 80, 'plat8', 'default.png', '15'),
(2140, 80, 'plat9', 'default.png', '0'),
(2141, 80, 'plat10', 'default.png', '6'),
(2142, 80, 'plat11', 'default.png', '6'),
(2143, 80, 'plat12', 'default.png', '17'),
(2144, 80, 'plat13', 'default.png', '13'),
(2145, 80, 'plat14', 'default.png', '9'),
(2146, 80, 'plat15', 'default.png', '20'),
(2147, 80, 'plat16', 'default.png', '8'),
(2148, 80, 'plat17', 'default.png', '15'),
(2149, 80, 'plat18', 'default.png', '3'),
(2150, 80, 'plat19', 'default.png', '16'),
(2151, 80, 'plat20', 'default.png', '13'),
(2152, 80, 'plat21', 'default.png', '6'),
(2153, 80, 'plat22', 'default.png', '6'),
(2154, 80, 'plat23', 'default.png', '18'),
(2155, 80, 'plat24', 'default.png', '17'),
(2156, 80, 'plat25', 'default.png', '9'),
(2157, 80, 'plat26', 'default.png', '15'),
(2158, 80, 'plat27', 'default.png', '11'),
(2159, 80, 'plat28', 'default.png', '15'),
(2160, 80, 'plat29', 'default.png', '5'),
(2161, 81, 'plat0', 'default.png', '18'),
(2162, 81, 'plat1', 'default.png', '6'),
(2163, 81, 'plat2', 'default.png', '1'),
(2164, 81, 'plat3', 'default.png', '6'),
(2165, 81, 'plat4', 'default.png', '9'),
(2166, 81, 'plat5', 'default.png', '3'),
(2167, 81, 'plat6', 'default.png', '2'),
(2168, 81, 'plat7', 'default.png', '8'),
(2169, 81, 'plat8', 'default.png', '4'),
(2170, 81, 'plat9', 'default.png', '11'),
(2171, 81, 'plat10', 'default.png', '15'),
(2172, 81, 'plat11', 'default.png', '0'),
(2173, 81, 'plat12', 'default.png', '13'),
(2174, 81, 'plat13', 'default.png', '16'),
(2175, 81, 'plat14', 'default.png', '12'),
(2176, 81, 'plat15', 'default.png', '11'),
(2177, 81, 'plat16', 'default.png', '15'),
(2178, 81, 'plat17', 'default.png', '16'),
(2179, 81, 'plat18', 'default.png', '10'),
(2180, 81, 'plat19', 'default.png', '0'),
(2181, 81, 'plat20', 'default.png', '7'),
(2182, 81, 'plat21', 'default.png', '2'),
(2183, 81, 'plat22', 'default.png', '6'),
(2184, 81, 'plat23', 'default.png', '2'),
(2185, 81, 'plat24', 'default.png', '8'),
(2186, 81, 'plat25', 'default.png', '13'),
(2187, 81, 'plat26', 'default.png', '12'),
(2188, 81, 'plat27', 'default.png', '15'),
(2189, 81, 'plat28', 'default.png', '16'),
(2190, 81, 'plat29', 'default.png', '5'),
(2191, 82, 'plat0', 'default.png', '6'),
(2192, 82, 'plat1', 'default.png', '1'),
(2193, 82, 'plat2', 'default.png', '20'),
(2194, 82, 'plat3', 'default.png', '6'),
(2195, 82, 'plat4', 'default.png', '19'),
(2196, 82, 'plat5', 'default.png', '0'),
(2197, 82, 'plat6', 'default.png', '15'),
(2198, 82, 'plat7', 'default.png', '14'),
(2199, 82, 'plat8', 'default.png', '1'),
(2200, 82, 'plat9', 'default.png', '11'),
(2201, 82, 'plat10', 'default.png', '19'),
(2202, 82, 'plat11', 'default.png', '11'),
(2203, 82, 'plat12', 'default.png', '16'),
(2204, 82, 'plat13', 'default.png', '11'),
(2205, 82, 'plat14', 'default.png', '10'),
(2206, 82, 'plat15', 'default.png', '9'),
(2207, 82, 'plat16', 'default.png', '20'),
(2208, 82, 'plat17', 'default.png', '13'),
(2209, 82, 'plat18', 'default.png', '19'),
(2210, 82, 'plat19', 'default.png', '11'),
(2211, 82, 'plat20', 'default.png', '12'),
(2212, 82, 'plat21', 'default.png', '6'),
(2213, 82, 'plat22', 'default.png', '14'),
(2214, 82, 'plat23', 'default.png', '11'),
(2215, 82, 'plat24', 'default.png', '19'),
(2216, 82, 'plat25', 'default.png', '14'),
(2217, 82, 'plat26', 'default.png', '9'),
(2218, 82, 'plat27', 'default.png', '2'),
(2219, 82, 'plat28', 'default.png', '3'),
(2220, 82, 'plat29', 'default.png', '16'),
(2221, 83, 'plat0', 'default.png', '16'),
(2222, 83, 'plat1', 'default.png', '12'),
(2223, 83, 'plat2', 'default.png', '4'),
(2224, 83, 'plat3', 'default.png', '12'),
(2225, 83, 'plat4', 'default.png', '11'),
(2226, 83, 'plat5', 'default.png', '11'),
(2227, 83, 'plat6', 'default.png', '11'),
(2228, 83, 'plat7', 'default.png', '5'),
(2229, 83, 'plat8', 'default.png', '17'),
(2230, 83, 'plat9', 'default.png', '19'),
(2231, 83, 'plat10', 'default.png', '15'),
(2232, 83, 'plat11', 'default.png', '12'),
(2233, 83, 'plat12', 'default.png', '10'),
(2234, 83, 'plat13', 'default.png', '12'),
(2235, 83, 'plat14', 'default.png', '7'),
(2236, 83, 'plat15', 'default.png', '17'),
(2237, 83, 'plat16', 'default.png', '12'),
(2238, 83, 'plat17', 'default.png', '14'),
(2239, 83, 'plat18', 'default.png', '5'),
(2240, 83, 'plat19', 'default.png', '11'),
(2241, 83, 'plat20', 'default.png', '13'),
(2242, 83, 'plat21', 'default.png', '1'),
(2243, 83, 'plat22', 'default.png', '2'),
(2244, 83, 'plat23', 'default.png', '7'),
(2245, 83, 'plat24', 'default.png', '3'),
(2246, 83, 'plat25', 'default.png', '20'),
(2247, 83, 'plat26', 'default.png', '2'),
(2248, 83, 'plat27', 'default.png', '6'),
(2249, 83, 'plat28', 'default.png', '11'),
(2250, 83, 'plat29', 'default.png', '10'),
(2251, 84, 'azefzrg', 'default.png', '5'),
(2252, 84, 'eregtrhy', 'default.png', '7');

-- --------------------------------------------------------

--
-- Structure de la table `member`
--

DROP TABLE IF EXISTS `member`;
CREATE TABLE IF NOT EXISTS `member` (
  `id` int(11) NOT NULL AUTO_INCREMENT,
  `user_id` int(11) DEFAULT NULL,
  `username` varchar(255) COLLATE utf8mb4_unicode_ci NOT NULL,
  `lastname` varchar(255) COLLATE utf8mb4_unicode_ci NOT NULL,
  `address` varchar(255) COLLATE utf8mb4_unicode_ci NOT NULL,
  `sold` double NOT NULL,
  PRIMARY KEY (`id`),
  UNIQUE KEY `UNIQ_70E4FA78A76ED395` (`user_id`)
) ENGINE=InnoDB AUTO_INCREMENT=99 DEFAULT CHARSET=utf8mb4 COLLATE=utf8mb4_unicode_ci;

--
-- Déchargement des données de la table `member`
--

INSERT INTO `member` (`id`, `user_id`, `username`, `lastname`, `address`, `sold`) VALUES
(68, 175, 'first30', 'last30', '10 rue de messiiii', 5),
(71, 178, 'first33', 'last33', '10 rue de messi', 87),
(72, 179, 'first34', 'last34', '10 rue de messi', 6),
(73, 180, 'first35', 'last35', '10 rue de messi', 92),
(74, 181, 'first36', 'last36', '10 rue de messi', 63),
(75, 182, 'first37', 'last37', '10 rue de messi', 6),
(76, 183, 'first38', 'last38', '10 rue de messi', 84),
(77, 184, 'first39', 'last39', '10 rue de messi', 24),
(78, 185, 'first40', 'last40', '10 rue de messi', 56),
(79, 186, 'first41', 'last41', '10 rue de messi', 29),
(80, 187, 'first42', 'last42', '10 rue de messi', 98),
(81, 188, 'first43', 'last43', '10 rue de messi', 35),
(82, 189, 'first44', 'last44', '10 rue de messi', 96),
(83, 190, 'first45', 'last45', '10 rue de messi', 77),
(84, 191, 'first46', 'last46', '10 rue de messi', 94),
(85, 192, 'first47', 'last47', '10 rue de messi', 82),
(86, 193, 'first48', 'last48', '10 rue de messi', 3),
(87, 194, 'first49', 'last49', '10 rue de messi', 56),
(88, 195, 'first50', 'last50', '10 rue de messi', 72),
(89, 196, 'first51', 'last51', '10 rue de messi', 98),
(90, 197, 'first52', 'last52', '10 rue de messi', 38),
(91, 198, 'first53', 'last53', '10 rue de messi', 82),
(92, 199, 'first54', 'last54', '10 rue de messi', 77),
(93, 200, 'first55', 'last55', '10 rue de messi', 33),
(94, 201, 'first56', 'last56', '10 rue de messi', 79),
(95, 202, 'first57', 'last57', '10 rue de messi', 85),
(96, 203, 'first58', 'last58', '10 rue de messi', 21),
(97, 204, 'first59', 'last59', '10 rue de messi', 91),
(98, 206, 'louis.ardilly@ynov.com', 'fdgth sqdf', '4 rue du chapeau rouge', 0);

-- --------------------------------------------------------

--
-- Structure de la table `migration_versions`
--

DROP TABLE IF EXISTS `migration_versions`;
CREATE TABLE IF NOT EXISTS `migration_versions` (
  `version` varchar(14) COLLATE utf8mb4_unicode_ci NOT NULL,
  `executed_at` datetime NOT NULL COMMENT '(DC2Type:datetime_immutable)',
  PRIMARY KEY (`version`)
) ENGINE=InnoDB DEFAULT CHARSET=utf8mb4 COLLATE=utf8mb4_unicode_ci;

--
-- Déchargement des données de la table `migration_versions`
--

INSERT INTO `migration_versions` (`version`, `executed_at`) VALUES
('20200520121948', '2020-05-20 12:20:00'),
('20200520122133', '2020-05-20 12:21:37'),
('20200601094133', '2020-06-01 09:41:43');

-- --------------------------------------------------------

--
-- Structure de la table `note`
--

DROP TABLE IF EXISTS `note`;
CREATE TABLE IF NOT EXISTS `note` (
  `id` int(11) NOT NULL AUTO_INCREMENT,
  `user_id` int(11) DEFAULT NULL,
  `dish_id` int(11) DEFAULT NULL,
  `note` int(11) NOT NULL,
  PRIMARY KEY (`id`),
  KEY `IDX_CFBDFA14A76ED395` (`user_id`),
  KEY `IDX_CFBDFA14148EB0CB` (`dish_id`)
) ENGINE=InnoDB AUTO_INCREMENT=80 DEFAULT CHARSET=utf8mb4 COLLATE=utf8mb4_unicode_ci;

--
-- Déchargement des données de la table `note`
--

INSERT INTO `note` (`id`, `user_id`, `dish_id`, `note`) VALUES
(32, 175, 2250, 0),
(35, 178, 2250, 2),
(36, 179, 2250, 4),
(37, 180, 2250, 4),
(38, 181, 2250, 1),
(39, 182, 2250, 1),
(40, 183, 2250, 2),
(41, 184, 2250, 1),
(42, 185, 2250, 0),
(43, 186, 2250, 4),
(44, 187, 2250, 2),
(45, 188, 2250, 2),
(46, 189, 2250, 4),
(47, 190, 2250, 2),
(48, 191, 2250, 3),
(49, 192, 2250, 3),
(50, 193, 2250, 5),
(51, 194, 2250, 4),
(52, 195, 2250, 3),
(53, 196, 2250, 5),
(54, 197, 2250, 5),
(55, 198, 2250, 0),
(56, 199, 2250, 0),
(57, 200, 2250, 0),
(58, 201, 2250, 5),
(59, 202, 2250, 4),
(60, 203, 2250, 5),
(61, 204, 2250, 2),
(66, 175, 1771, 4),
(67, 175, 1562, 4),
(68, 175, 1686, 4),
(69, 195, 2251, 3),
(70, 196, 2252, 5),
(71, 189, 2251, 2),
(78, 183, 1562, 3),
(79, 200, 1771, 3);

-- --------------------------------------------------------

--
-- Structure de la table `restorer`
--

DROP TABLE IF EXISTS `restorer`;
CREATE TABLE IF NOT EXISTS `restorer` (
  `id` int(11) NOT NULL AUTO_INCREMENT,
  `user_id` int(11) DEFAULT NULL,
  `name` varchar(255) COLLATE utf8mb4_unicode_ci NOT NULL,
  `logo` varchar(255) COLLATE utf8mb4_unicode_ci NOT NULL,
  `address` varchar(255) COLLATE utf8mb4_unicode_ci NOT NULL,
  `category` varchar(255) COLLATE utf8mb4_unicode_ci DEFAULT NULL,
  PRIMARY KEY (`id`),
  UNIQUE KEY `UNIQ_418CC73FA76ED395` (`user_id`)
) ENGINE=InnoDB AUTO_INCREMENT=87 DEFAULT CHARSET=utf8mb4 COLLATE=utf8mb4_unicode_ci;

--
-- Déchargement des données de la table `restorer`
--

INSERT INTO `restorer` (`id`, `user_id`, `name`, `logo`, `address`, `category`) VALUES
(61, 152, 'resto7', 'default.png', '28 rue du general cremer', 'asiatique'),
(63, 154, 'resto9', 'default.png', '28 rue du general cremer', 'asiatique'),
(64, 155, 'resto10', 'default.png', '28 rue du general cremer', 'asiatique'),
(65, 156, 'resto11', 'default.png', '28 rue du general cremer', 'asiatique'),
(66, 157, 'resto12', 'default.png', '28 rue du general cremer', 'asiatique'),
(67, 158, 'resto13', 'default.png', '28 rue du general cremer', 'burger'),
(68, 159, 'resto14', 'default.png', '28 rue du general cremer', 'burger'),
(69, 160, 'resto15', 'default.png', '28 rue du general cremer', 'burger'),
(70, 161, 'resto16', 'default.png', '28 rue du general cremer', 'burger'),
(71, 162, 'resto17', 'default.png', '28 rue du general cremer', 'burger'),
(72, 163, 'resto18', 'default.png', '28 rue du general cremer', 'burger'),
(73, 164, 'resto19', 'default.png', '28 rue du general cremer', 'burger'),
(74, 165, 'resto20', 'default.png', '28 rue du general cremer', 'burger'),
(75, 166, 'resto21', 'default.png', '28 rue du general cremer', 'snack'),
(76, 167, 'resto22', 'default.png', '28 rue du general cremer', 'snack'),
(77, 168, 'resto23', 'default.png', '28 rue du general cremer', 'snack'),
(78, 169, 'resto24', 'default.png', '28 rue du general cremer', 'snack'),
(79, 170, 'resto25', 'default.png', '28 rue du general cremer', 'snack'),
(80, 171, 'resto26', 'default.png', '28 rue du general cremer', 'snack'),
(81, 172, 'resto27', 'default.png', '28 rue du general cremer', 'snack'),
(82, 173, 'resto28', 'default.png', '28 rue du general cremer', 'orientale'),
(83, 174, 'resto29', 'default.png', '28 rue du general cremer', 'orientale'),
(84, 205, 'restooooo', 'logo_1590610111_98025_351e67_8a906d8e6ae245c5af03d35d44e73c52_mv2.jpg', '28 rue general cremer', 'orientale'),
(85, 207, 'fdgth sqdf', 'logo_1590605554_11874_board-3700116_1280.jpg', '4 rue du chapeau rouge', 'orientale'),
(86, 208, 'sdfg', 'logo_1591008644_58627_351e67_8a906d8e6ae245c5af03d35d44e73c52_mv2.jpg', 'ertyhjk', 'burger');

-- --------------------------------------------------------

--
-- Structure de la table `user`
--

DROP TABLE IF EXISTS `user`;
CREATE TABLE IF NOT EXISTS `user` (
  `id` int(11) NOT NULL AUTO_INCREMENT,
  `mail` varchar(180) COLLATE utf8mb4_unicode_ci NOT NULL,
  `roles` longtext COLLATE utf8mb4_unicode_ci NOT NULL COMMENT '(DC2Type:array)',
  `password` varchar(255) COLLATE utf8mb4_unicode_ci NOT NULL,
  PRIMARY KEY (`id`),
  UNIQUE KEY `UNIQ_8D93D6495126AC48` (`mail`)
) ENGINE=InnoDB AUTO_INCREMENT=209 DEFAULT CHARSET=utf8mb4 COLLATE=utf8mb4_unicode_ci;

--
-- Déchargement des données de la table `user`
--

INSERT INTO `user` (`id`, `mail`, `roles`, `password`) VALUES
(145, 'user0@gmail.com', 'a:1:{i:0;s:5:\"ADMIN\";}', '$argon2i$v=19$m=65536,t=4,p=1$OGMxOTY2SWxCUEtoaEkwZg$ea98AsvONAbww3jPAzJsTYbh4mKc/8gEKMARLUYXKlI'),
(146, 'user1@gmail.com', 'a:1:{i:0;s:5:\"ADMIN\";}', '$argon2i$v=19$m=65536,t=4,p=1$OGMxOTY2SWxCUEtoaEkwZg$ea98AsvONAbww3jPAzJsTYbh4mKc/8gEKMARLUYXKlI'),
(147, 'user2@gmail.com', 'a:1:{i:0;s:5:\"ADMIN\";}', '$argon2i$v=19$m=65536,t=4,p=1$OGMxOTY2SWxCUEtoaEkwZg$ea98AsvONAbww3jPAzJsTYbh4mKc/8gEKMARLUYXKlI'),
(148, 'user3@gmail.com', 'a:1:{i:0;s:5:\"ADMIN\";}', '$argon2i$v=19$m=65536,t=4,p=1$OGMxOTY2SWxCUEtoaEkwZg$ea98AsvONAbww3jPAzJsTYbh4mKc/8gEKMARLUYXKlI'),
(149, 'user4@gmail.com', 'a:1:{i:0;s:5:\"ADMIN\";}', '$argon2i$v=19$m=65536,t=4,p=1$OGMxOTY2SWxCUEtoaEkwZg$ea98AsvONAbww3jPAzJsTYbh4mKc/8gEKMARLUYXKlI'),
(152, 'user7@gmail.com', 'a:1:{i:0;s:8:\"RESTORER\";}', '$argon2i$v=19$m=65536,t=4,p=1$OGMxOTY2SWxCUEtoaEkwZg$ea98AsvONAbww3jPAzJsTYbh4mKc/8gEKMARLUYXKlI'),
(154, 'user9@gmail.com', 'a:1:{i:0;s:8:\"RESTORER\";}', '$argon2i$v=19$m=65536,t=4,p=1$OGMxOTY2SWxCUEtoaEkwZg$ea98AsvONAbww3jPAzJsTYbh4mKc/8gEKMARLUYXKlI'),
(155, 'user10@gmail.com', 'a:1:{i:0;s:8:\"RESTORER\";}', '$argon2i$v=19$m=65536,t=4,p=1$OGMxOTY2SWxCUEtoaEkwZg$ea98AsvONAbww3jPAzJsTYbh4mKc/8gEKMARLUYXKlI'),
(156, 'user11@gmail.com', 'a:1:{i:0;s:8:\"RESTORER\";}', '$argon2i$v=19$m=65536,t=4,p=1$OGMxOTY2SWxCUEtoaEkwZg$ea98AsvONAbww3jPAzJsTYbh4mKc/8gEKMARLUYXKlI'),
(157, 'user12@gmail.com', 'a:1:{i:0;s:8:\"RESTORER\";}', '$argon2i$v=19$m=65536,t=4,p=1$OGMxOTY2SWxCUEtoaEkwZg$ea98AsvONAbww3jPAzJsTYbh4mKc/8gEKMARLUYXKlI'),
(158, 'user13@gmail.com', 'a:1:{i:0;s:8:\"RESTORER\";}', '$argon2i$v=19$m=65536,t=4,p=1$OGMxOTY2SWxCUEtoaEkwZg$ea98AsvONAbww3jPAzJsTYbh4mKc/8gEKMARLUYXKlI'),
(159, 'user14@gmail.com', 'a:1:{i:0;s:8:\"RESTORER\";}', '$argon2i$v=19$m=65536,t=4,p=1$OGMxOTY2SWxCUEtoaEkwZg$ea98AsvONAbww3jPAzJsTYbh4mKc/8gEKMARLUYXKlI'),
(160, 'user15@gmail.com', 'a:1:{i:0;s:8:\"RESTORER\";}', '$argon2i$v=19$m=65536,t=4,p=1$OGMxOTY2SWxCUEtoaEkwZg$ea98AsvONAbww3jPAzJsTYbh4mKc/8gEKMARLUYXKlI'),
(161, 'user16@gmail.com', 'a:1:{i:0;s:8:\"RESTORER\";}', '$argon2i$v=19$m=65536,t=4,p=1$OGMxOTY2SWxCUEtoaEkwZg$ea98AsvONAbww3jPAzJsTYbh4mKc/8gEKMARLUYXKlI'),
(162, 'user17@gmail.com', 'a:1:{i:0;s:8:\"RESTORER\";}', '$argon2i$v=19$m=65536,t=4,p=1$OGMxOTY2SWxCUEtoaEkwZg$ea98AsvONAbww3jPAzJsTYbh4mKc/8gEKMARLUYXKlI'),
(163, 'user18@gmail.com', 'a:1:{i:0;s:8:\"RESTORER\";}', '$argon2i$v=19$m=65536,t=4,p=1$OGMxOTY2SWxCUEtoaEkwZg$ea98AsvONAbww3jPAzJsTYbh4mKc/8gEKMARLUYXKlI'),
(164, 'user19@gmail.com', 'a:1:{i:0;s:8:\"RESTORER\";}', '$argon2i$v=19$m=65536,t=4,p=1$OGMxOTY2SWxCUEtoaEkwZg$ea98AsvONAbww3jPAzJsTYbh4mKc/8gEKMARLUYXKlI'),
(165, 'user20@gmail.com', 'a:1:{i:0;s:8:\"RESTORER\";}', '$argon2i$v=19$m=65536,t=4,p=1$OGMxOTY2SWxCUEtoaEkwZg$ea98AsvONAbww3jPAzJsTYbh4mKc/8gEKMARLUYXKlI'),
(166, 'user21@gmail.com', 'a:1:{i:0;s:8:\"RESTORER\";}', '$argon2i$v=19$m=65536,t=4,p=1$OGMxOTY2SWxCUEtoaEkwZg$ea98AsvONAbww3jPAzJsTYbh4mKc/8gEKMARLUYXKlI'),
(167, 'user22@gmail.com', 'a:1:{i:0;s:8:\"RESTORER\";}', '$argon2i$v=19$m=65536,t=4,p=1$OGMxOTY2SWxCUEtoaEkwZg$ea98AsvONAbww3jPAzJsTYbh4mKc/8gEKMARLUYXKlI'),
(168, 'user23@gmail.com', 'a:1:{i:0;s:8:\"RESTORER\";}', '$argon2i$v=19$m=65536,t=4,p=1$OGMxOTY2SWxCUEtoaEkwZg$ea98AsvONAbww3jPAzJsTYbh4mKc/8gEKMARLUYXKlI'),
(169, 'user24@gmail.com', 'a:1:{i:0;s:8:\"RESTORER\";}', '$argon2i$v=19$m=65536,t=4,p=1$OGMxOTY2SWxCUEtoaEkwZg$ea98AsvONAbww3jPAzJsTYbh4mKc/8gEKMARLUYXKlI'),
(170, 'user25@gmail.com', 'a:1:{i:0;s:8:\"RESTORER\";}', '$argon2i$v=19$m=65536,t=4,p=1$OGMxOTY2SWxCUEtoaEkwZg$ea98AsvONAbww3jPAzJsTYbh4mKc/8gEKMARLUYXKlI'),
(171, 'user26@gmail.com', 'a:1:{i:0;s:8:\"RESTORER\";}', '$argon2i$v=19$m=65536,t=4,p=1$OGMxOTY2SWxCUEtoaEkwZg$ea98AsvONAbww3jPAzJsTYbh4mKc/8gEKMARLUYXKlI'),
(172, 'user27@gmail.com', 'a:1:{i:0;s:8:\"RESTORER\";}', '$argon2i$v=19$m=65536,t=4,p=1$OGMxOTY2SWxCUEtoaEkwZg$ea98AsvONAbww3jPAzJsTYbh4mKc/8gEKMARLUYXKlI'),
(173, 'user28@gmail.com', 'a:1:{i:0;s:8:\"RESTORER\";}', '$argon2i$v=19$m=65536,t=4,p=1$OGMxOTY2SWxCUEtoaEkwZg$ea98AsvONAbww3jPAzJsTYbh4mKc/8gEKMARLUYXKlI'),
(174, 'user29@gmail.com', 'a:1:{i:0;s:8:\"RESTORER\";}', '$argon2i$v=19$m=65536,t=4,p=1$OGMxOTY2SWxCUEtoaEkwZg$ea98AsvONAbww3jPAzJsTYbh4mKc/8gEKMARLUYXKlI'),
(175, 'user30@gmail.com', 'a:1:{i:0;s:6:\"MEMBER\";}', '$argon2i$v=19$m=65536,t=4,p=1$UlkvUEVJMEpGM1U2VVdxaA$t32Buvbgx1RnNcbdHfgmhuGiXi1t7hY/nFu2kOp/ZJs'),
(178, 'user33@gmail.com', 'a:1:{i:0;s:6:\"MEMBER\";}', '$argon2i$v=19$m=65536,t=4,p=1$OGMxOTY2SWxCUEtoaEkwZg$ea98AsvONAbww3jPAzJsTYbh4mKc/8gEKMARLUYXKlI'),
(179, 'user34@gmail.com', 'a:1:{i:0;s:6:\"MEMBER\";}', '$argon2i$v=19$m=65536,t=4,p=1$OGMxOTY2SWxCUEtoaEkwZg$ea98AsvONAbww3jPAzJsTYbh4mKc/8gEKMARLUYXKlI'),
(180, 'user35@gmail.com', 'a:1:{i:0;s:6:\"MEMBER\";}', '$argon2i$v=19$m=65536,t=4,p=1$OGMxOTY2SWxCUEtoaEkwZg$ea98AsvONAbww3jPAzJsTYbh4mKc/8gEKMARLUYXKlI'),
(181, 'user36@gmail.com', 'a:1:{i:0;s:6:\"MEMBER\";}', '$argon2i$v=19$m=65536,t=4,p=1$OGMxOTY2SWxCUEtoaEkwZg$ea98AsvONAbww3jPAzJsTYbh4mKc/8gEKMARLUYXKlI'),
(182, 'user37@gmail.com', 'a:1:{i:0;s:6:\"MEMBER\";}', '$argon2i$v=19$m=65536,t=4,p=1$OGMxOTY2SWxCUEtoaEkwZg$ea98AsvONAbww3jPAzJsTYbh4mKc/8gEKMARLUYXKlI'),
(183, 'user38@gmail.com', 'a:1:{i:0;s:6:\"MEMBER\";}', '$argon2i$v=19$m=65536,t=4,p=1$OGMxOTY2SWxCUEtoaEkwZg$ea98AsvONAbww3jPAzJsTYbh4mKc/8gEKMARLUYXKlI'),
(184, 'user39@gmail.com', 'a:1:{i:0;s:6:\"MEMBER\";}', '$argon2i$v=19$m=65536,t=4,p=1$OGMxOTY2SWxCUEtoaEkwZg$ea98AsvONAbww3jPAzJsTYbh4mKc/8gEKMARLUYXKlI'),
(185, 'user40@gmail.com', 'a:1:{i:0;s:6:\"MEMBER\";}', '$argon2i$v=19$m=65536,t=4,p=1$OGMxOTY2SWxCUEtoaEkwZg$ea98AsvONAbww3jPAzJsTYbh4mKc/8gEKMARLUYXKlI'),
(186, 'user41@gmail.com', 'a:1:{i:0;s:6:\"MEMBER\";}', '$argon2i$v=19$m=65536,t=4,p=1$OGMxOTY2SWxCUEtoaEkwZg$ea98AsvONAbww3jPAzJsTYbh4mKc/8gEKMARLUYXKlI'),
(187, 'user42@gmail.com', 'a:1:{i:0;s:6:\"MEMBER\";}', '$argon2i$v=19$m=65536,t=4,p=1$OGMxOTY2SWxCUEtoaEkwZg$ea98AsvONAbww3jPAzJsTYbh4mKc/8gEKMARLUYXKlI'),
(188, 'user43@gmail.com', 'a:1:{i:0;s:6:\"MEMBER\";}', '$argon2i$v=19$m=65536,t=4,p=1$OGMxOTY2SWxCUEtoaEkwZg$ea98AsvONAbww3jPAzJsTYbh4mKc/8gEKMARLUYXKlI'),
(189, 'user44@gmail.com', 'a:1:{i:0;s:6:\"MEMBER\";}', '$argon2i$v=19$m=65536,t=4,p=1$OGMxOTY2SWxCUEtoaEkwZg$ea98AsvONAbww3jPAzJsTYbh4mKc/8gEKMARLUYXKlI'),
(190, 'user45@gmail.com', 'a:1:{i:0;s:6:\"MEMBER\";}', '$argon2i$v=19$m=65536,t=4,p=1$OGMxOTY2SWxCUEtoaEkwZg$ea98AsvONAbww3jPAzJsTYbh4mKc/8gEKMARLUYXKlI'),
(191, 'user46@gmail.com', 'a:1:{i:0;s:6:\"MEMBER\";}', '$argon2i$v=19$m=65536,t=4,p=1$OGMxOTY2SWxCUEtoaEkwZg$ea98AsvONAbww3jPAzJsTYbh4mKc/8gEKMARLUYXKlI'),
(192, 'user47@gmail.com', 'a:1:{i:0;s:6:\"MEMBER\";}', '$argon2i$v=19$m=65536,t=4,p=1$OGMxOTY2SWxCUEtoaEkwZg$ea98AsvONAbww3jPAzJsTYbh4mKc/8gEKMARLUYXKlI'),
(193, 'user48@gmail.com', 'a:1:{i:0;s:6:\"MEMBER\";}', '$argon2i$v=19$m=65536,t=4,p=1$OGMxOTY2SWxCUEtoaEkwZg$ea98AsvONAbww3jPAzJsTYbh4mKc/8gEKMARLUYXKlI'),
(194, 'user49@gmail.com', 'a:1:{i:0;s:6:\"MEMBER\";}', '$argon2i$v=19$m=65536,t=4,p=1$OGMxOTY2SWxCUEtoaEkwZg$ea98AsvONAbww3jPAzJsTYbh4mKc/8gEKMARLUYXKlI'),
(195, 'user50@gmail.com', 'a:1:{i:0;s:6:\"MEMBER\";}', '$argon2i$v=19$m=65536,t=4,p=1$OGMxOTY2SWxCUEtoaEkwZg$ea98AsvONAbww3jPAzJsTYbh4mKc/8gEKMARLUYXKlI'),
(196, 'user51@gmail.com', 'a:1:{i:0;s:6:\"MEMBER\";}', '$argon2i$v=19$m=65536,t=4,p=1$OGMxOTY2SWxCUEtoaEkwZg$ea98AsvONAbww3jPAzJsTYbh4mKc/8gEKMARLUYXKlI'),
(197, 'user52@gmail.com', 'a:1:{i:0;s:6:\"MEMBER\";}', '$argon2i$v=19$m=65536,t=4,p=1$OGMxOTY2SWxCUEtoaEkwZg$ea98AsvONAbww3jPAzJsTYbh4mKc/8gEKMARLUYXKlI'),
(198, 'user53@gmail.com', 'a:1:{i:0;s:6:\"MEMBER\";}', '$argon2i$v=19$m=65536,t=4,p=1$OGMxOTY2SWxCUEtoaEkwZg$ea98AsvONAbww3jPAzJsTYbh4mKc/8gEKMARLUYXKlI'),
(199, 'user54@gmail.com', 'a:1:{i:0;s:6:\"MEMBER\";}', '$argon2i$v=19$m=65536,t=4,p=1$OGMxOTY2SWxCUEtoaEkwZg$ea98AsvONAbww3jPAzJsTYbh4mKc/8gEKMARLUYXKlI'),
(200, 'user55@gmail.com', 'a:1:{i:0;s:6:\"MEMBER\";}', '$argon2i$v=19$m=65536,t=4,p=1$OGMxOTY2SWxCUEtoaEkwZg$ea98AsvONAbww3jPAzJsTYbh4mKc/8gEKMARLUYXKlI'),
(201, 'user56@gmail.com', 'a:1:{i:0;s:6:\"MEMBER\";}', '$argon2i$v=19$m=65536,t=4,p=1$OGMxOTY2SWxCUEtoaEkwZg$ea98AsvONAbww3jPAzJsTYbh4mKc/8gEKMARLUYXKlI'),
(202, 'user57@gmail.com', 'a:1:{i:0;s:6:\"MEMBER\";}', '$argon2i$v=19$m=65536,t=4,p=1$OGMxOTY2SWxCUEtoaEkwZg$ea98AsvONAbww3jPAzJsTYbh4mKc/8gEKMARLUYXKlI'),
(203, 'user58@gmail.com', 'a:1:{i:0;s:6:\"MEMBER\";}', '$argon2i$v=19$m=65536,t=4,p=1$OGMxOTY2SWxCUEtoaEkwZg$ea98AsvONAbww3jPAzJsTYbh4mKc/8gEKMARLUYXKlI'),
(204, 'user59@gmail.com', 'a:1:{i:0;s:6:\"MEMBER\";}', '$argon2i$v=19$m=65536,t=4,p=1$OGMxOTY2SWxCUEtoaEkwZg$ea98AsvONAbww3jPAzJsTYbh4mKc/8gEKMARLUYXKlI'),
(205, 'louis.ardilly@ynov.com', 'a:1:{i:0;s:8:\"RESTORER\";}', '$argon2i$v=19$m=65536,t=4,p=1$ck5XelhzSGNsTGRLckxkcg$fgRy/upLY8gB/PiiAvK9fGHsPEx0f3hQm/IqWC6Bkbc'),
(206, 'le95@gmail.com', 'a:1:{i:0;s:6:\"MEMBER\";}', '$argon2i$v=19$m=65536,t=4,p=1$aXpud2ladXFlTFE3TFB6Wg$5Oublm4CMpLv1YX2ZHCKSOC0B8cKwslAGZ1P57IWrpI'),
(207, 'l@ynov.com', 'a:1:{i:0;s:8:\"RESTORER\";}', '$argon2i$v=19$m=65536,t=4,p=1$OWtkMTdyM01GT3pjZkNVcA$Y1xlYhNWDUIf2QNppRtKsJV2q8UNa1jsXzPco18wkQ0'),
(208, 'lm@gmail.com', 'a:1:{i:0;s:8:\"RESTORER\";}', '$argon2i$v=19$m=65536,t=4,p=1$QnlYUWxraG5jdGpwTG9qQw$P0FJtmszOQtkab+sdOuNHYs8sUI5IUq4CCydjbrdsvM');

--
-- Contraintes pour les tables déchargées
--

--
-- Contraintes pour la table `admin`
--
ALTER TABLE `admin`
  ADD CONSTRAINT `FK_880E0D76A76ED395` FOREIGN KEY (`user_id`) REFERENCES `user` (`id`);

--
-- Contraintes pour la table `command`
--
ALTER TABLE `command`
  ADD CONSTRAINT `FK_8ECAEAD4A76ED395` FOREIGN KEY (`user_id`) REFERENCES `user` (`id`);

--
-- Contraintes pour la table `command_dish`
--
ALTER TABLE `command_dish`
  ADD CONSTRAINT `FK_34D72235148EB0CB` FOREIGN KEY (`dish_id`) REFERENCES `dish` (`id`),
  ADD CONSTRAINT `FK_34D7223533E1689A` FOREIGN KEY (`command_id`) REFERENCES `command` (`id`);

--
-- Contraintes pour la table `comment`
--
ALTER TABLE `comment`
  ADD CONSTRAINT `FK_9474526C148EB0CB` FOREIGN KEY (`dish_id`) REFERENCES `dish` (`id`),
  ADD CONSTRAINT `FK_9474526CA76ED395` FOREIGN KEY (`user_id`) REFERENCES `user` (`id`);

--
-- Contraintes pour la table `dish`
--
ALTER TABLE `dish`
  ADD CONSTRAINT `FK_957D8CB829C3E95E` FOREIGN KEY (`restorer_id`) REFERENCES `restorer` (`id`);

--
-- Contraintes pour la table `member`
--
ALTER TABLE `member`
  ADD CONSTRAINT `FK_70E4FA78A76ED395` FOREIGN KEY (`user_id`) REFERENCES `user` (`id`);

--
-- Contraintes pour la table `note`
--
ALTER TABLE `note`
  ADD CONSTRAINT `FK_CFBDFA14148EB0CB` FOREIGN KEY (`dish_id`) REFERENCES `dish` (`id`),
  ADD CONSTRAINT `FK_CFBDFA14A76ED395` FOREIGN KEY (`user_id`) REFERENCES `user` (`id`);

--
-- Contraintes pour la table `restorer`
--
ALTER TABLE `restorer`
  ADD CONSTRAINT `FK_418CC73FA76ED395` FOREIGN KEY (`user_id`) REFERENCES `user` (`id`);
COMMIT;

/*!40101 SET CHARACTER_SET_CLIENT=@OLD_CHARACTER_SET_CLIENT */;
/*!40101 SET CHARACTER_SET_RESULTS=@OLD_CHARACTER_SET_RESULTS */;
/*!40101 SET COLLATION_CONNECTION=@OLD_COLLATION_CONNECTION */;
